GeneName,ensembleID
MT-ND2,ENSG00000198763
GLS,ENSG00000115419
YARS1,ENSG00000134684
ACADL,ENSG00000115361
MT-ND4,ENSG00000198886
MYPN,ENSG00000138347
HNRNPA1,ENSG00000135486
GAN,ENSG00000261609
ATL1,ENSG00000198513
EXT2,ENSG00000151348
LMAN1,ENSG00000074695
PUS1,ENSG00000177192
NDUFS4,ENSG00000164258
F13B,ENSG00000143278
CTNNA3,ENSG00000183230
TMLHE,ENSG00000185973
MERTK,ENSG00000153208
EIF2AK4,ENSG00000128829
AP1S1,ENSG00000106367
NHP2,ENSG00000145912
SARDH,ENSG00000123453
IDH3B,ENSG00000101365
PLN,ENSG00000198523
PRKCSH,ENSG00000130175
CACNB2,ENSG00000165995
SGSH,ENSG00000181523
ASXL1,ENSG00000171456
FBXO38,ENSG00000145868
TTR,ENSG00000118271
TH,ENSG00000180176
TGFBR2,ENSG00000163513
TBX5,ENSG00000089225
ILK,ENSG00000166333
TRIT1,ENSG00000043514
TBC1D24,ENSG00000162065
AP3D1,ENSG00000065000
A2ML1,ENSG00000166535
NPC2,ENSG00000119655
FOXRED1,ENSG00000110074
MEN1,ENSG00000133895
MTRR,ENSG00000124275
SOD1,ENSG00000142168
F8,ENSG00000185010
FASTKD2,ENSG00000118246
GATAD2B,ENSG00000143614
TRRAP,ENSG00000196367
COL4A6,ENSG00000197565
CHEK2,ENSG00000183765
TECRL,ENSG00000205678
COX8A,ENSG00000176340
FANCB,ENSG00000181544
LYRM7,ENSG00000186687
NEFL,ENSG00000277586
STIM1,ENSG00000167323
COX6B1,ENSG00000126267
MET,ENSG00000105976
SERPING1,ENSG00000149131
GDAP1,ENSG00000104381
MED13L,ENSG00000123066
AK2,ENSG00000004455
SCN3A,ENSG00000153253
LCK,ENSG00000182866
TAF15,ENSG00000270647
RBM8A,ENSG00000265241
ZNF41,ENSG00000147124
CHD7,ENSG00000171316
MTRFR,ENSG00000130921
ALG9,ENSG00000086848
MMAB,ENSG00000139428
TSHZ1,ENSG00000179981
CALM1,ENSG00000198668
STAT3,ENSG00000168610
NUBPL,ENSG00000151413
PTCH1,ENSG00000185920
COL6A2,ENSG00000142173
PEX10,ENSG00000157911
SPRED1,ENSG00000166068
PICALM,ENSG00000073921
GRM6,ENSG00000113262
ODAD4,ENSG00000204815
PTPN11,ENSG00000179295
SCN11A,ENSG00000168356
PACS1,ENSG00000175115
SLC44A4,ENSG00000204385
ERCC5,ENSG00000134899
MECP2,ENSG00000169057
TTN,ENSG00000155657
SORL1,ENSG00000137642
CD320,ENSG00000167775
ACTA1,ENSG00000143632
CCDC78,ENSG00000162004
ST3GAL3,ENSG00000126091
CD247,ENSG00000198821
CALR3,ENSG00000269058
COL7A1,ENSG00000114270
SURF1,ENSG00000148290
ETFDH,ENSG00000171503
PET117,ENSG00000232838
KNG1,ENSG00000113889
GJB1,ENSG00000169562
FUS,ENSG00000089280
KDM6B,ENSG00000132510
SMAD2,ENSG00000175387
TNNI3,ENSG00000129991
HPS5,ENSG00000110756
ALG6,ENSG00000088035
ARX,ENSG00000004848
GEN1,ENSG00000178295
MAPKBP1,ENSG00000137802
MRPL3,ENSG00000114686
UBE3A,ENSG00000114062
RMND1,ENSG00000155906
CRBN,ENSG00000113851
RPS20,ENSG00000008988
MAP2K1,ENSG00000169032
BRCA2,ENSG00000139618
BLNK,ENSG00000095585
JAK3,ENSG00000105639
CFAP57,ENSG00000243710
ANKRD1,ENSG00000148677
TBXA2R,ENSG00000006638
NYX,ENSG00000188937
IQSEC2,ENSG00000124313
ABCD3,ENSG00000117528
CTSD,ENSG00000117984
LAS1L,ENSG00000001497
UNG,ENSG00000076248
TNNC2,ENSG00000101470
CSPP1,ENSG00000104218
ITPR1,ENSG00000150995
CD81,ENSG00000110651
FGFR2,ENSG00000066468
KCNMA1,ENSG00000156113
HSD17B4,ENSG00000133835
CR2,ENSG00000117322
MALT1,ENSG00000172175
MYT1L,ENSG00000186487
ATL3,ENSG00000184743
SLC19A3,ENSG00000135917
ALX1,ENSG00000180318
RANGRF,ENSG00000108961
SGCG,ENSG00000102683
RRAS2,ENSG00000133818
MYH9,ENSG00000100345
SLC2A1,ENSG00000117394
POR,ENSG00000127948
OBSCN,ENSG00000154358
ATF6,ENSG00000118217
ADCY1,ENSG00000164742
ADD3,ENSG00000148700
VPS35,ENSG00000069329
ACTB,ENSG00000075624
MT-TW,ENSG00000210117
PJVK,ENSG00000204311
SERPINC1,ENSG00000117601
FLNC,ENSG00000128591
SLC9A6,ENSG00000198689
LCA5,ENSG00000135338
DDX3X,ENSG00000215301
DIS3L2,ENSG00000144535
NEDD4L,ENSG00000049759
MCOLN1,ENSG00000090674
SLC26A4,ENSG00000091137
TRIO,ENSG00000038382
GCDH,ENSG00000105607
ERBB4,ENSG00000178568
ANOS1,ENSG00000011201
BCKDHA,ENSG00000248098
KCNQ4,ENSG00000117013
SMARCA4,ENSG00000127616
OTOA,ENSG00000155719
MANBA,ENSG00000109323
HRAS,ENSG00000174775
STK11,ENSG00000118046
LHFPL5,ENSG00000197753
KLF10,ENSG00000155090
NHLRC1,ENSG00000187566
CHRNA4,ENSG00000101204
CUL3,ENSG00000036257
INS,ENSG00000254647
SDHA,ENSG00000073578
MYO18B,ENSG00000133454
PLAU,ENSG00000122861
TMEM43,ENSG00000170876
AMACR,ENSG00000242110
ARSL,ENSG00000157399
BSND,ENSG00000162399
ANKS6,ENSG00000165138
NRXN1,ENSG00000179915
SQOR,ENSG00000137767
HGD,ENSG00000113924
PHGDH,ENSG00000092621
SLC6A4,ENSG00000108576
CAMK2G,ENSG00000148660
EN2,ENSG00000164778
TOP2B,ENSG00000077097
ATP7A,ENSG00000165240
GSTZ1,ENSG00000100577
UROD,ENSG00000126088
FERMT3,ENSG00000149781
SOX10,ENSG00000100146
DLAT,ENSG00000150768
TUBG1,ENSG00000131462
LRRC10,ENSG00000198812
DNAL1,ENSG00000119661
MTMR2,ENSG00000087053
RAI1,ENSG00000108557
TSC1,ENSG00000165699
THBD,ENSG00000178726
ARHGEF10,ENSG00000104728
FGD1,ENSG00000102302
SET,ENSG00000119335
DOCK7,ENSG00000116641
TRPM1,ENSG00000134160
EP300,ENSG00000100393
NDUFA12,ENSG00000184752
CEP78,ENSG00000148019
MOCS2,ENSG00000164172
TP53,ENSG00000141510
DCC,ENSG00000187323
SLC7A9,ENSG00000021488
KRAS,ENSG00000133703
MMUT,ENSG00000146085
BMPR1A,ENSG00000107779
ADSL,ENSG00000239900
CYCS,ENSG00000172115
ATP1A1,ENSG00000163399
DNAJC7,ENSG00000168259
P2RX2,ENSG00000187848
FH,ENSG00000091483
ARSB,ENSG00000113273
NBN,ENSG00000104320
ALAS2,ENSG00000158578
CD79A,ENSG00000105369
TRIM37,ENSG00000108395
GSDME,ENSG00000105928
PEX11B,ENSG00000131779
KLKB1,ENSG00000164344
GFM2,ENSG00000164347
GRIN2A,ENSG00000183454
SPTLC2,ENSG00000100596
SLC39A7,ENSG00000112473
NDUFAF4,ENSG00000123545
ATRX,ENSG00000085224
FAN1,ENSG00000198690
DHCR7,ENSG00000172893
SSBP1,ENSG00000106028
WDR45,ENSG00000196998
NEK8,ENSG00000160602
AFF2,ENSG00000155966
WARS1,ENSG00000140105
RNASEH1,ENSG00000171865
RAB40AL,ENSG00000102128
SNCA,ENSG00000145335
MID1,ENSG00000101871
GLIS2,ENSG00000126603
SLC9A9,ENSG00000181804
GAB2,ENSG00000033327
MEGF8,ENSG00000105429
ACAT1,ENSG00000075239
PRRT2,ENSG00000167371
PTCHD1,ENSG00000165186
PON3,ENSG00000105852
TET2,ENSG00000168769
NPPA,ENSG00000175206
SDHB,ENSG00000117118
ABCD1,ENSG00000101986
ATP7B,ENSG00000123191
FANCA,ENSG00000187741
CD3E,ENSG00000198851
DSPP,ENSG00000152591
DCLRE1C,ENSG00000152457
HRG,ENSG00000113905
ACADVL,ENSG00000072778
TPRN,ENSG00000176058
SCP2,ENSG00000116171
LAMP2,ENSG00000005893
TCF20,ENSG00000100207
CDH23,ENSG00000107736
ANKRD26,ENSG00000107890
SBF2,ENSG00000133812
EPS8L2,ENSG00000177106
GNB4,ENSG00000114450
TIMM50,ENSG00000105197
NTNG1,ENSG00000162631
KCND3,ENSG00000171385
IGKC,ENSG00000211592
ADK,ENSG00000156110
CBS,ENSG00000160200
ABCC9,ENSG00000069431
LAMB1,ENSG00000091136
MEF2C,ENSG00000081189
TDO2,ENSG00000151790
RDH12,ENSG00000139988
CAV1,ENSG00000105974
NPHP1,ENSG00000144061
HEXA,ENSG00000213614
PDE6A,ENSG00000132915
IDUA,ENSG00000127415
PRKG1,ENSG00000185532
SOX5,ENSG00000134532
HARS2,ENSG00000112855
NDUFAF6,ENSG00000156170
GRIA3,ENSG00000125675
INF2,ENSG00000203485
CDH1,ENSG00000039068
ALG8,ENSG00000159063
CORO1A,ENSG00000102879
PKHD1,ENSG00000170927
MCCC1,ENSG00000078070
SEMA4A,ENSG00000196189
SKI,ENSG00000157933
WDR19,ENSG00000157796
CSTB,ENSG00000160213
HNRNPA2B1,ENSG00000122566
PAK3,ENSG00000077264
ZNF81,ENSG00000197779
DHTKD1,ENSG00000181192
ERF,ENSG00000105722
RAD21,ENSG00000164754
BLOC1S3,ENSG00000189114
DBT,ENSG00000137992
PUF60,ENSG00000179950
RPL10,ENSG00000147403
PIGO,ENSG00000165282
SNTA1,ENSG00000101400
SERAC1,ENSG00000122335
RAD50,ENSG00000113522
KCNB1,ENSG00000158445
KMT5B,ENSG00000110066
FMR1,ENSG00000102081
AGPS,ENSG00000018510
DCX,ENSG00000077279
ERLIN1,ENSG00000107566
KDM6A,ENSG00000147050
TCAP,ENSG00000173991
KCNK3,ENSG00000171303
ARPC1B,ENSG00000130429
NTHL1,ENSG00000065057
NSUN2,ENSG00000037474
EPHX1,ENSG00000143819
LYST,ENSG00000143669
GNPAT,ENSG00000116906
NGLY1,ENSG00000151092
BRWD1,ENSG00000185658
CIITA,ENSG00000179583
TARS2,ENSG00000143374
PHIP,ENSG00000146247
WDR72,ENSG00000166415
PARK9,ENST00000326735
TMC1,ENSG00000165091
NDUFS7,ENSG00000115286
SLC4A3,ENSG00000114923
SYN1,ENSG00000008056
GP1BB,ENSG00000203618
CABP2,ENSG00000167791
ACAD8,ENSG00000151498
FOXG1,ENSG00000176165
GTPBP3,ENSG00000130299
AGTR2,ENSG00000180772
ZDHHC15,ENSG00000102383
BRAF,ENSG00000157764
TJP2,ENSG00000119139
TMEM231,ENSG00000205084
INPP5E,ENSG00000148384
DECR1,ENSG00000104325
RIT1,ENSG00000143622
MT-TV,ENSG00000210077
OTOG,ENSG00000188162
PARK7,ENSG00000116288
SLC16A2,ENSG00000147100
KCNC1,ENSG00000129159
MTR,ENSG00000116984
PSAT1,ENSG00000135069
CD3D,ENSG00000167286
PINK1,ENSG00000158828
NR2F1,ENSG00000175745
XRCC4,ENSG00000152422
WASHC5,ENSG00000164961
ARID1A,ENSG00000117713
SERPINI1,ENSG00000163536
NEU1,ENSG00000204386
GBA,ENSG00000177628
ARHGEF6,ENSG00000129675
BCL11A,ENSG00000119866
MMACHC,ENSG00000132763
XPNPEP3,ENSG00000196236
RAD51D,ENSG00000185379
SCN2B,ENSG00000149575
CFAP300,ENSG00000137691
VAPB,ENSG00000124164
QDPR,ENSG00000151552
DDX41,ENSG00000183258
PIGA,ENSG00000165195
RECQL4,ENSG00000160957
PMS2,ENSG00000122512
PORCN,ENSG00000102312
DDB2,ENSG00000134574
CIB2,ENSG00000136425
ABCC4,ENSG00000125257
MLH3,ENSG00000119684
PLA2G4A,ENSG00000116711
MFN2,ENSG00000116688
NF1,ENSG00000196712
DLGAP2,ENSG00000198010
SPTAN1,ENSG00000197694
DICER1,ENSG00000100697
GAS2L2,ENSG00000270765
ABCC8,ENSG00000006071
DNMBP,ENSG00000107554
SMARCE1,ENSG00000073584
ZDHHC9,ENSG00000188706
BDP1,ENSG00000145734
RAF1,ENSG00000132155
WAS,ENSG00000015285
NLGN4X,ENSG00000146938
NR3C2,ENSG00000151623
MOGS,ENSG00000115275
INVS,ENSG00000119509
KLF11,ENSG00000172059
RECQL,ENSG00000004700
SCNN1G,ENSG00000166828
SZT2,ENSG00000198198
USP7,ENSG00000187555
SEC61A1,ENSG00000058262
ACADSB,ENSG00000196177
NPHP3,ENSG00000113971
TPK1,ENSG00000196511
MTFMT,ENSG00000103707
EFTUD2,ENSG00000108883
GPSM2,ENSG00000121957
SLC52A1,ENSG00000132517
FAR1,ENSG00000197601
ALDH18A1,ENSG00000059573
KLF2,ENSG00000127528
TMEM67,ENSG00000164953
DNAH5,ENSG00000039139
CNGB1,ENSG00000070729
FGG,ENSG00000171557
FIG4,ENSG00000112367
PCCA,ENSG00000175198
ATP6V1B1,ENSG00000116039
RASA2,ENSG00000155903
LITAF,ENSG00000189067
TSFM,ENSG00000123297
MORC2,ENSG00000133422
WRN,ENSG00000165392
GUSB,ENSG00000169919
LRRK2,ENSG00000188906
AGXT,ENSG00000172482
TNRC6B,ENSG00000100354
APC,ENSG00000134982
SEC61B,ENSG00000106803
CNOT3,ENSG00000088038
DSC2,ENSG00000134755
DNAJC5,ENSG00000101152
PROC,ENSG00000115718
NDUFA11,ENSG00000174886
ATM,ENSG00000149311
FOXE3,ENSG00000186790
PCYT1A,ENSG00000161217
FBN2,ENSG00000138829
MARS1,ENSG00000166986
DNAH1,ENSG00000114841
FLVCR1,ENSG00000162769
SHOC2,ENSG00000108061
ARHGEF1,ENSG00000076928
SDHAF2,ENSG00000167985
BAZ2B,ENSG00000123636
TIMM8A,ENSG00000126953
MAOA,ENSG00000189221
NFKB1,ENSG00000109320
GARS1,ENSG00000106105
CLIC2,ENSG00000155962
EGR2,ENSG00000122877
MT-TI,ENSG00000210100
PLG,ENSG00000122194
AASS,ENSG00000008311
PNKP,ENSG00000039650
HTRA2,ENSG00000115317
ADGRV1,ENSG00000164199
RFXANK,ENSG00000064490
PEX13,ENSG00000162928
PMS1,ENSG00000064933
SLC26A2,ENSG00000155850
MAGEL2,ENSG00000254585
DSG2,ENSG00000046604
HNF1A,ENSG00000135100
CASR,ENSG00000036828
CEACAM16,ENSG00000213892
FGD4,ENSG00000139132
NDUFV2,ENSG00000178127
DCDC2,ENSG00000146038
GALNS,ENSG00000141012
ATG5,ENSG00000057663
HSPB1,ENSG00000106211
BPTF,ENSG00000171634
WDR35,ENSG00000118965
BCKDK,ENSG00000103507
CHMP2B,ENSG00000083937
TMPRSS3,ENSG00000160183
GIPC3,ENSG00000179855
FUCA1,ENSG00000179163
TYR,ENSG00000077498
GK,ENSG00000198814
WNT10A,ENSG00000135925
SPI1,ENSG00000066336
TELO2,ENSG00000100726
GNPTG,ENSG00000090581
LRBA,ENSG00000198589
ILDR1,ENSG00000145103
COL4A4,ENSG00000081052
LMBRD1,ENSG00000168216
SCO2,ENSG00000284194
MIB1,ENSG00000101752
ATG7,ENSG00000197548
STRC,ENSG00000242866
MYMK,ENSG00000187616
DISP1,ENSG00000154309
LDB3,ENSG00000122367
TRIM8,ENSG00000171206
UQCRC2,ENSG00000140740
SIK1,ENSG00000142178
PTPRQ,ENSG00000139304
CRB2,ENSG00000148204
PIK3CD,ENSG00000171608
HGF,ENSG00000019991
MATR3,ENSG00000015479
PPM1K,ENSG00000163644
TCF12,ENSG00000140262
ODAD2,ENSG00000169126
POLH,ENSG00000170734
SGCB,ENSG00000163069
NDUFB3,ENSG00000119013
AARS2,ENSG00000124608
TMTC2,ENSG00000179104
LIAS,ENSG00000121897
CA5A,ENSG00000174990
SCN9A,ENSG00000169432
PPP1R12A,ENSG00000058272
SLC36A2,ENSG00000186335
SLC41A1,ENSG00000133065
WT1,ENSG00000184937
CC2D2A,ENSG00000048342
FKRP,ENSG00000181027
HPS3,ENSG00000163755
NFKBIZ,ENSG00000144802
PYROXD1,ENSG00000121350
TRMT10C,ENSG00000174173
MAX,ENSG00000125952
HPD,ENSG00000158104
CNGA3,ENSG00000144191
SNAP25,ENSG00000132639
COL9A2,ENSG00000049089
TCF4,ENSG00000196628
COL6A1,ENSG00000142156
SLC1A1,ENSG00000106688
CACNA2D1,ENSG00000153956
FOXC1,ENSG00000054598
MT-ND1,ENSG00000198888
PAX2,ENSG00000075891
MAT1A,ENSG00000151224
GRIN1,ENSG00000176884
POU4F3,ENSG00000091010
TSPAN12,ENSG00000106025
CAT,ENSG00000121691
FTSJ1,ENSG00000068438
XPA,ENSG00000136936
ARG1,ENSG00000118520
PCCB,ENSG00000114054
BMPR1B,ENSG00000138696
TGFB3,ENSG00000119699
NDUFAF2,ENSG00000164182
CR1,ENSG00000203710
GGCX,ENSG00000115486
PAX4,ENSG00000106331
MED25,ENSG00000104973
FOLR1,ENSG00000110195
LDLR,ENSG00000130164
MOCS1,ENSG00000124615
SCN10A,ENSG00000185313
ALAD,ENSG00000148218
ACBD5,ENSG00000107897
PEX7,ENSG00000112357
CPS1,ENSG00000021826
ADNP,ENSG00000101126
MAPK8IP3,ENSG00000138834
KLHL40,ENSG00000157119
MRPS22,ENSG00000175110
PEX6,ENSG00000124587
NRAS,ENSG00000213281
PLEKHM2,ENSG00000116786
SNRNP200,ENSG00000144028
SGCD,ENSG00000170624
NAA15,ENSG00000164134
SCN1A,ENSG00000144285
EXO1,ENSG00000174371
SCARB2,ENSG00000138760
TPM4,ENSG00000167460
TOMM40,ENSG00000130204
TNFRSF13B,ENSG00000240505
MYO9A,ENSG00000066933
NPHP4,ENSG00000131697
AP4E1,ENSG00000081014
KAT6B,ENSG00000156650
ACADM,ENSG00000117054
CLPB,ENSG00000162129
SYNGAP1,ENSG00000197283
FANCG,ENSG00000221829
NDUFS8,ENSG00000110717
SNAI2,ENSG00000019549
TUBB1,ENSG00000101162
SMARCA2,ENSG00000080503
SLC6A8,ENSG00000130821
COL11A2,ENSG00000204248
TJP1,ENSG00000104067
KLK1,ENSG00000167748
USH2A,ENSG00000042781
DNAJB11,ENSG00000090520
SMARCA1,ENSG00000102038
COX10,ENSG00000006695
NDUFS1,ENSG00000023228
SPTBN4,ENSG00000160460
ALPK3,ENSG00000136383
HOXA11,ENSG00000005073
CPT1A,ENSG00000110090
SMAD1,ENSG00000170365
PEX16,ENSG00000121680
CTNNA1,ENSG00000044115
POGZ,ENSG00000143442
PTPRJ,ENSG00000149177
RPE65,ENSG00000116745
FXN,ENSG00000165060
LIG4,ENSG00000174405
LAMA4,ENSG00000112769
CBL,ENSG00000110395
ITGA2B,ENSG00000005961
PAX6,ENSG00000007372
APOL1,ENSG00000100342
TEK,ENSG00000120156
CRH,ENSG00000147571
NHS,ENSG00000188158
COL3A1,ENSG00000168542
ACTC1,ENSG00000159251
COL9A3,ENSG00000092758
NBEA,ENSG00000172915
LRTOMT,ENSG00000184154
PTCH2,ENSG00000117425
AP3B1,ENSG00000132842
TRIP12,ENSG00000153827
SUCLA2,ENSG00000136143
S1PR2,ENSG00000267534
POLG,ENSG00000140521
CDKN1B,ENSG00000111276
TNNT3,ENSG00000130595
FGB,ENSG00000171564
DYSF,ENSG00000135636
FLI1,ENSG00000151702
KITLG,ENSG00000049130
FYB1,ENSG00000082074
CLCN4,ENSG00000073464
PALB2,ENSG00000083093
ADAM10,ENSG00000137845
SDHC,ENSG00000143252
MT-TK,ENSG00000210156
MT-CO1,ENSG00000198804
F12,ENSG00000131187
MAGI2,ENSG00000187391
CARD11,ENSG00000198286
MTOR,ENSG00000198793
BCS1L,ENSG00000074582
MECR,ENSG00000116353
SELENBP1,ENSG00000143416
RB1,ENSG00000139687
VARS2,ENSG00000137411
ASL,ENSG00000126522
MLYCD,ENSG00000103150
AP4M1,ENSG00000221838
WHRN,ENSG00000095397
CLN5,ENSG00000102805
MMAA,ENSG00000151611
OTC,ENSG00000036473
SRPX2,ENSG00000102359
NAGS,ENSG00000161653
SYNJ1,ENSG00000159082
TUBA4A,ENSG00000127824
GDI1,ENSG00000203879
LARS2,ENSG00000011376
TTC21B,ENSG00000123607
ACAT2,ENSG00000120437
PQBP1,ENSG00000102103
ADAM9,ENSG00000168615
VHL,ENSG00000134086
ACSF3,ENSG00000176715
RMRP,ENSG00000269900
SOX9,ENSG00000125398
ANO6,ENSG00000177119
MARS2,ENSG00000247626
MT-ATP6,ENSG00000198899
HSPB8,ENSG00000152137
TNNT2,ENSG00000118194
TRDN,ENSG00000186439
TSC2,ENSG00000103197
BCAT2,ENSG00000105552
SH3TC2,ENSG00000169247
GLUL,ENSG00000135821
MCPH1,ENSG00000147316
KCNH1,ENSG00000143473
ASPA,ENSG00000108381
SGCA,ENSG00000108823
DOCK6,ENSG00000130158
AQP1,ENSG00000240583
BRIP1,ENSG00000136492
RLBP1,ENSG00000140522
ODAD1,ENSG00000105479
ADAR,ENSG00000160710
ALK,ENSG00000171094
NDUFV1,ENSG00000167792
AUH,ENSG00000148090
CNGB3,ENSG00000170289
PDHA1,ENSG00000131828
ATP6AP1,ENSG00000071553
CACNA1H,ENSG00000196557
CLPP,ENSG00000125656
HARS1,ENSG00000170445
NADK2,ENSG00000152620
CPLANE1,ENSG00000197603
PLA2G6,ENSG00000184381
GALNT12,ENSG00000119514
KDSR,ENSG00000119537
ZNF462,ENSG00000148143
MSH2,ENSG00000095002
WARS2,ENSG00000116874
TECTA,ENSG00000109927
ICOS,ENSG00000163600
ROR1,ENSG00000185483
TWIST1,ENSG00000122691
BRAT1,ENSG00000106009
INO80,ENSG00000128908
KLHL41,ENSG00000239474
FANCF,ENSG00000183161
MYO3A,ENSG00000095777
ACTA2,ENSG00000107796
BCOR,ENSG00000183337
MEIS2,ENSG00000134138
CPT2,ENSG00000157184
COL5A2,ENSG00000204262
ASNS,ENSG00000070669
MYL3,ENSG00000160808
KDR,ENSG00000128052
RET,ENSG00000165731
ANG,ENSG00000214274
KIF1A,ENSG00000130294
SDHAF1,ENSG00000205138
TRMT5,ENSG00000126814
SMPD1,ENSG00000166311
ARHGEF9,ENSG00000131089
KMT2A,ENSG00000118058
SLC3A1,ENSG00000138079
MED23,ENSG00000112282
RAP1B,ENSG00000127314
KCNJ10,ENSG00000177807
COL6A3,ENSG00000163359
DTNBP1,ENSG00000047579
PDLIM3,ENSG00000154553
RAB28,ENSG00000157869
NDUFA4,ENSG00000189043
DMXL2,ENSG00000104093
NDUFS6,ENSG00000145494
ITGB3,ENSG00000259207
NAA10,ENSG00000102030
UBQLN2,ENSG00000188021
QARS1,ENSG00000172053
DARS2,ENSG00000117593
FKTN,ENSG00000106692
USP9X,ENSG00000124486
AUTS2,ENSG00000158321
SLC39A8,ENSG00000138821
ACTN1,ENSG00000072110
BAP1,ENSG00000163930
PKD2,ENSG00000118762
ALDH4A1,ENSG00000159423
PDSS2,ENSG00000164494
COL2A1,ENSG00000139219
GRHL2,ENSG00000083307
EYA1,ENSG00000104313
RSPH4A,ENSG00000111834
LBR,ENSG00000143815
LPIN1,ENSG00000134324
BUB1B,ENSG00000156970
NUP62,ENSG00000213024
SHANK3,ENSG00000251322
CTCF,ENSG00000102974
VCAN,ENSG00000038427
HCN4,ENSG00000138622
PHF6,ENSG00000156531
PARS2,ENSG00000162396
MT-TL2,ENSG00000210191
GLT8D1,ENSG00000016864
LZTR1,ENSG00000099949
ACOX1,ENSG00000161533
CD40LG,ENSG00000102245
PEX14,ENSG00000142655
MED13,ENSG00000108510
IL2RG,ENSG00000147168
TPM2,ENSG00000198467
TMIE,ENSG00000181585
EPCAM,ENSG00000119888
COA3,ENSG00000183978
F9,ENSG00000101981
NDUFAF5,ENSG00000101247
GABRG2,ENSG00000113327
RAC2,ENSG00000128340
RBM20,ENSG00000203867
PRPH,ENSG00000135406
APPL1,ENSG00000157500
SYNE4,ENSG00000181392
FOXP2,ENSG00000128573
MYO7A,ENSG00000137474
CTLA4,ENSG00000163599
NDUFA2,ENSG00000131495
GALC,ENSG00000054983
TNNI3K,ENSG00000116783
IL1RAPL1,ENSG00000169306
HPDL,ENSG00000186603
LIFR,ENSG00000113594
RNF168,ENSG00000163961
SLC25A22,ENSG00000177542
HYAL1,ENSG00000114378
ABHD12,ENSG00000100997
SLC22A5,ENSG00000197375
NSDHL,ENSG00000147383
DNM1L,ENSG00000087470
CCNO,ENSG00000152669
MFSD8,ENSG00000164073
GABRB3,ENSG00000166206
KCNJ5,ENSG00000120457
CFL2,ENSG00000165410
MCM2,ENSG00000073111
CNTNAP2,ENSG00000174469
CSRP3,ENSG00000129170
ACADS,ENSG00000122971
RYR1,ENSG00000196218
ABCA4,ENSG00000198691
ITK,ENSG00000113263
PEX11A,ENSG00000166821
SCN2A,ENSG00000136531
C9ORF72,ENSG00000147894
PNPO,ENSG00000108439
SH3KBP1,ENSG00000147010
ELMOD3,ENSG00000115459
FBXO7,ENSG00000100225
RRAS,ENSG00000126458
HTT,ENSG00000197386
TBX4,ENSG00000121075
DIAPH3,ENSG00000139734
HNF4A,ENSG00000101076
RINT1,ENSG00000135249
SLC25A46,ENSG00000164209
MYH14,ENSG00000105357
RNF43,ENSG00000108375
DIAPH1,ENSG00000131504
STK4,ENSG00000101109
BTD,ENSG00000169814
CNNM4,ENSG00000158158
EIF2S3,ENSG00000130741
L1CAM,ENSG00000198910
CLDN14,ENSG00000159261
GAMT,ENSG00000130005
AKT3,ENSG00000117020
F11,ENSG00000088926
IL21,ENSG00000138684
KIF21A,ENSG00000139116
GRIN2B,ENSG00000273079
KATNAL2,ENSG00000167216
SUGCT,ENSG00000175600
HMGCS2,ENSG00000134240
ASXL2,ENSG00000143970
NDUFB8,ENSG00000166136
VKORC1,ENSG00000167397
ZNF292,ENSG00000188994
CHD1L,ENSG00000131778
MYOZ2,ENSG00000172399
TBXAS1,ENSG00000059377
CDC73,ENSG00000134371
MSH6,ENSG00000116062
ACY1,ENSG00000243989
MPZ,ENSG00000158887
GPR179,ENSG00000277399
CDH3,ENSG00000062038
MT-CO3,ENSG00000198938
CCNF,ENSG00000162063
NDUFS3,ENSG00000213619
EED,ENSG00000074266
NEFH,ENSG00000100285
ALPL,ENSG00000162551
MSRB3,ENSG00000174099
POU2AF1,ENSG00000110777
GDF2,ENSG00000263761
MBTPS2,ENSG00000012174
GRXCR2,ENSG00000204928
MSH3,ENSG00000113318
NBEAL2,ENSG00000160796
FLNA,ENSG00000196924
GJB3,ENSG00000188910
GNE,ENSG00000159921
KCNA2,ENSG00000177301
TAPBP,ENSG00000231925
EDN3,ENSG00000124205
CFAP43,ENSG00000197748
EYA4,ENSG00000112319
RYR3,ENSG00000198838
HAAO,ENSG00000162882
OCRL,ENSG00000122126
CYLD,ENSG00000083799
CD3G,ENSG00000160654
CDC42,ENSG00000070831
UPF3B,ENSG00000125351
CDH15,ENSG00000129910
SHMT2,ENSG00000182199
IKBKG,ENSG00000269335
RASGRP2,ENSG00000068831
USH1C,ENSG00000006611
GNAO1,ENSG00000087258
MYO1C,ENSG00000197879
LOX,ENSG00000113083
EFEMP1,ENSG00000115380
CTH,ENSG00000116761
PPT1,ENSG00000131238
TREM2,ENSG00000095970
GNAI1,ENSG00000127955
MS4A1,ENSG00000156738
KCNJ11,ENSG00000187486
WRAP53,ENSG00000141499
ADAMTS18,ENSG00000140873
XPC,ENSG00000154767
COL4A3,ENSG00000169031
COL1A1,ENSG00000108821
KDM5B,ENSG00000117139
TNNT1,ENSG00000105048
GAA,ENSG00000171298
NIPBL,ENSG00000164190
TBX20,ENSG00000164532
TTC19,ENSG00000011295
CAV3,ENSG00000182533
CALM3,ENSG00000160014
PHYH,ENSG00000107537
DNAI2,ENSG00000171595
TULP3,ENSG00000078246
CTF1,ENSG00000150281
AP5Z1,ENSG00000242802
SCN4A,ENSG00000007314
MCEE,ENSG00000124370
KCNQ1,ENSG00000053918
AGA,ENSG00000038002
CEP290,ENSG00000198707
MT-ND5,ENSG00000198786
ADAMTS9,ENSG00000163638
DOCK2,ENSG00000134516
POU3F4,ENSG00000196767
MT-CO2,ENSG00000198712
DYRK1A,ENSG00000157540
MED12,ENSG00000184634
VPS8,ENSG00000156931
ESRRB,ENSG00000119715
MNS1,ENSG00000138587
PROKR2,ENSG00000101292
WDR62,ENSG00000075702
SLC25A15,ENSG00000102743
ANK1,ENSG00000029534
FAH,ENSG00000103876
GAD1,ENSG00000128683
CD79B,ENSG00000007312
MPIG6B,ENSG00000204420
NDP,ENSG00000124479
FOXJ1,ENSG00000129654
TRPM4,ENSG00000130529
SBDS,ENSG00000126524
ASS1,ENSG00000130707
MAP2K2,ENSG00000126934
ORAI1,ENSG00000276045
HADH,ENSG00000138796
NF2,ENSG00000186575
TGFB2,ENSG00000092969
RDX,ENSG00000137710
PRPS1,ENSG00000147224
CDK16,ENSG00000102225
EXT1,ENSG00000182197
MARVELD2,ENSG00000152939
OAT,ENSG00000065154
HIBCH,ENSG00000198130
RHBDF2,ENSG00000129667
TACO1,ENSG00000136463
ZMPSTE24,ENSG00000084073
CHRNA2,ENSG00000120903
EHMT1,ENSG00000181090
DPP6,ENSG00000130226
ARL13B,ENSG00000169379
TIA1,ENSG00000116001
PRICKLE2,ENSG00000163637
DNAJC12,ENSG00000108176
AHI1,ENSG00000135541
MRPS16,ENSG00000182180
KANSL1,ENSG00000120071
RSPH1,ENSG00000160188
DNAI1,ENSG00000122735
PPP2R5D,ENSG00000112640
PRODH,ENSG00000100033
MYOM1,ENSG00000101605
PAX3,ENSG00000135903
TRMU,ENSG00000100416
KCNE3,ENSG00000175538
GLA,ENSG00000102393
OSBPL2,ENSG00000130703
PON1,ENSG00000005421
APP,ENSG00000142192
PIGU,ENSG00000101464
GATM,ENSG00000171766
TMPO,ENSG00000120802
NSD1,ENSG00000165671
CEBPA,ENSG00000245848
SLC25A20,ENSG00000178537
CTSA,ENSG00000064601
GLDC,ENSG00000178445
VCL,ENSG00000035403
DDHD1,ENSG00000100523
POLD1,ENSG00000062822
MAN1B1,ENSG00000177239
SLC2A10,ENSG00000197496
CLN6,ENSG00000128973
VPS13D,ENSG00000048707
GLUD1,ENSG00000148672
LMX1B,ENSG00000136944
COCH,ENSG00000100473
MMADHC,ENSG00000168288
WDR36,ENSG00000134987
F10,ENSG00000126218
DNM1,ENSG00000106976
CDK5RAP2,ENSG00000136861
CISD2,ENSG00000145354
KAT6A,ENSG00000083168
GP9,ENSG00000169704
SERPINE1,ENSG00000106366
AMT,ENSG00000145020
SLC52A2,ENSG00000185803
RPGR,ENSG00000156313
KCNE2,ENSG00000159197
NLGN3,ENSG00000196338
POLE,ENSG00000177084
BMPR2,ENSG00000204217
STAC3,ENSG00000185482
APOB,ENSG00000084674
HADHB,ENSG00000138029
SLC7A7,ENSG00000155465
CENPJ,ENSG00000151849
NEBL,ENSG00000078114
VPS13B,ENSG00000132549
CD33,ENSG00000105383
RGS9,ENSG00000108370
IARS2,ENSG00000067704
SRC,ENSG00000197122
TBR1,ENSG00000136535
LIPT1,ENSG00000144182
TUBB4B,ENSG00000188229
NEXMIF,ENSG00000050030
F13A1,ENSG00000124491
BLM,ENSG00000197299
ETFB,ENSG00000105379
STXBP1,ENSG00000136854
BACE1,ENSG00000186318
C1QBP,ENSG00000108561
KCNJ8,ENSG00000121361
ROGDI,ENSG00000067836
CYP4V2,ENSG00000145476
AP4B1,ENSG00000134262
ADAMTS13,ENSG00000160323
SLX4,ENSG00000188827
SIGMAR1,ENSG00000147955
OCA2,ENSG00000104044
KIF1B,ENSG00000054523
MYH11,ENSG00000133392
DAO,ENSG00000110887
F5,ENSG00000198734
ABCG8,ENSG00000143921
GANAB,ENSG00000089597
ESCO2,ENSG00000171320
MRAS,ENSG00000158186
DNMT1,ENSG00000130816
BMP10,ENSG00000163217
CLU,ENSG00000120885
BRSK2,ENSG00000174672
IL7R,ENSG00000168685
MYL1,ENSG00000168530
NEB,ENSG00000183091
ABCG5,ENSG00000138075
ANK3,ENSG00000151150
USH1G,ENSG00000182040
NTRK1,ENSG00000198400
NPC1,ENSG00000141458
EFNB1,ENSG00000090776
CASK,ENSG00000147044
TMEM70,ENSG00000175606
QRICH1,ENSG00000198218
ATP5MK,ENSG00000173915
HLCS,ENSG00000159267
RAB7A,ENSG00000075785
PRKDC,ENSG00000253729
MRE11,ENSG00000020922
GPD1L,ENSG00000152642
PHOX2B,ENSG00000109132
SPR,ENSG00000116096
KIF5A,ENSG00000155980
SERPINF2,ENSG00000167711
ELANE,ENSG00000197561
NDUFB11,ENSG00000147123
LMNA,ENSG00000160789
NEUROD1,ENSG00000162992
TPM1,ENSG00000140416
GCK,ENSG00000106633
CRADD,ENSG00000169372
PEX1,ENSG00000127980
EZH2,ENSG00000106462
ALDH5A1,ENSG00000112294
ALMS1,ENSG00000116127
CC2D1A,ENSG00000132024
NAT8L,ENSG00000185818
COQ9,ENSG00000088682
MPZL2,ENSG00000149573
HNF1B,ENSG00000275410
BAG3,ENSG00000151929
SDHD,ENSG00000204370
ACTN2,ENSG00000077522
ATP1A2,ENSG00000018625
CD19,ENSG00000177455
NFKB2,ENSG00000077150
FITM2,ENSG00000197296
SLC5A7,ENSG00000115665
SOS2,ENSG00000100485
PLCB1,ENSG00000182621
ECHS1,ENSG00000127884
FANCE,ENSG00000112039
NEK1,ENSG00000137601
PCDH15,ENSG00000150275
SBF1,ENSG00000100241
PIK3R1,ENSG00000145675
CALM2,ENSG00000143933
ATP6AP2,ENSG00000182220
EGFR,ENSG00000146648
MECOM,ENSG00000085276
HUWE1,ENSG00000086758
ABAT,ENSG00000183044
CARS2,ENSG00000134905
XRCC2,ENSG00000196584
SIN3A,ENSG00000169375
MBD5,ENSG00000204406
REN,ENSG00000143839
HYDIN,ENSG00000157423
GRIN2D,ENSG00000105464
RAB27A,ENSG00000069974
MTAP,ENSG00000099810
ST3GAL5,ENSG00000115525
CDKN2A,ENSG00000147889
PLP1,ENSG00000123560
TPM3,ENSG00000143549
ALS2,ENSG00000003393
DAG1,ENSG00000173402
NAXE,ENSG00000163382
MYL2,ENSG00000111245
GJA1,ENSG00000152661
EEF1A2,ENSG00000101210
WBP2,ENSG00000132471
AICDA,ENSG00000111732
WAC,ENSG00000095787
PTPRC,ENSG00000081237
EFHC1,ENSG00000096093
IKZF1,ENSG00000185811
RDH5,ENSG00000135437
HMGCL,ENSG00000117305
SLC6A19,ENSG00000174358
TNPO3,ENSG00000064419
LAT,ENSG00000213658
RANBP2,ENSG00000153201
SUFU,ENSG00000107882
HMBS,ENSG00000256269
SCN3B,ENSG00000166257
POMGNT1,ENSG00000085998
TIMP3,ENSG00000100234
FARS2,ENSG00000145982
GFM1,ENSG00000168827
FBLN2,ENSG00000163520
RPS24,ENSG00000138326
MAN2B1,ENSG00000104774
ESPN,ENSG00000187017
PFN1,ENSG00000108518
RIPOR2,ENSG00000111913
OGT,ENSG00000147162
MIR96,ENSG00000199158
TUBB2B,ENSG00000137285
PON2,ENSG00000105854
CCDC40,ENSG00000141519
GRN,ENSG00000030582
MAPT,ENSG00000186868
BIN1,ENSG00000136717
FGF3,ENSG00000186895
SUMF1,ENSG00000144455
POLR2A,ENSG00000181222
ANXA11,ENSG00000122359
HSD3B7,ENSG00000099377
MITF,ENSG00000187098
TRIM32,ENSG00000119401
TSPAN7,ENSG00000156298
RCBTB1,ENSG00000136144
JPH2,ENSG00000149596
GJB2,ENSG00000165474
NDUFA9,ENSG00000139180
BCKDHB,ENSG00000083123
SETBP1,ENSG00000152217
SMAD3,ENSG00000166949
DMGDH,ENSG00000132837
MYH7,ENSG00000092054
IKZF5,ENSG00000095574
CTSF,ENSG00000174080
KCNE1,ENSG00000180509
MRPS34,ENSG00000074071
TMEM126B,ENSG00000171204
COX20,ENSG00000203667
IGBP1,ENSG00000089289
PROS1,ENSG00000184500
PEX26,ENSG00000215193
PTGS1,ENSG00000095303
CTNNB1,ENSG00000168036
CDK4,ENSG00000135446
GRXCR1,ENSG00000215203
BTK,ENSG00000010671
TRAC,ENSG00000277734
MT-ND6,ENSG00000198695
HOMER2,ENSG00000103942
RORB,ENSG00000198963
TAT,ENSG00000198650
SLFN14,ENSG00000236320
ERCC4,ENSG00000175595
GPR143,ENSG00000101850
DZIP1L,ENSG00000158163
POMGNT2,ENSG00000144647
GP1BA,ENSG00000185245
BLK,ENSG00000136573
ANGPTL3,ENSG00000132855
HDAC8,ENSG00000147099
CEP164,ENSG00000110274
IVD,ENSG00000128928
NDUFA10,ENSG00000130414
SPAG1,ENSG00000104450
GRK1,ENSG00000185974
MAT2A,ENSG00000168906
DES,ENSG00000175084
IDS,ENSG00000010404
CLN8,ENSG00000182372
SATB2,ENSG00000119042
LGI1,ENSG00000108231
SLC26A5,ENSG00000170615
SERPINB6,ENSG00000124570
PIK3R2,ENSG00000105647
SMC1A,ENSG00000072501
HACD1,ENSG00000165996
VCP,ENSG00000165280
CDH2,ENSG00000170558
CASQ2,ENSG00000118729
MYO1F,ENSG00000142347
PCDH19,ENSG00000165194
OPA1,ENSG00000198836
PRSS12,ENSG00000164099
GJB6,ENSG00000121742
SLC52A3,ENSG00000101276
SLC35A2,ENSG00000102100
PMP2,ENSG00000147588
RARS2,ENSG00000146282
BLOC1S6,ENSG00000104164
COX14,ENSG00000178449
PDHB,ENSG00000168291
SMC3,ENSG00000108055
PTS,ENSG00000150787
FLCN,ENSG00000154803
FLAD1,ENSG00000160688
RYR2,ENSG00000198626
DIABLO,ENSG00000184047
CD164,ENSG00000135535
SERPIND1,ENSG00000099937
FANCL,ENSG00000115392
TBK1,ENSG00000183735
S100A9,ENSG00000163220
CHM,ENSG00000188419
SUOX,ENSG00000139531
ACVRL1,ENSG00000139567
PAH,ENSG00000171759
UQCRQ,ENSG00000164405
PRKAG2,ENSG00000106617
HEXB,ENSG00000049860
FOXP1,ENSG00000114861
DNAAF3,ENSG00000167646
AARS1,ENSG00000090861
GPT2,ENSG00000166123
RAB3GAP1,ENSG00000115839
NECAP1,ENSG00000089818
TNC,ENSG00000041982
NPRL3,ENSG00000103148
NAGLU,ENSG00000108784
BAAT,ENSG00000136881
TMEM237,ENSG00000155755
FANCD2,ENSG00000144554
TMEM127,ENSG00000135956
TRIOBP,ENSG00000100106
NOTCH3,ENSG00000074181
SOS1,ENSG00000115904
TRNT1,ENSG00000072756
SLC6A3,ENSG00000142319
RAB39B,ENSG00000155961
TRPV4,ENSG00000111199
KYNU,ENSG00000115919
SLC1A2,ENSG00000110436
PMP22,ENSG00000109099
LRP6,ENSP00000261349
CYC1,ENSG00000179091
CHD8,ENSG00000100888
DCAF17,ENSG00000115827
CAPN5,ENSG00000149260
CEMIP,ENSG00000103888
EPS8,ENSG00000151491
MYO1A,ENSG00000166866
MME,ENSG00000196549
ALG13,ENSG00000101901
TPP1,ENSG00000166340
HADHA,ENSG00000084754
CACNA1C,ENSG00000151067
DMD,ENSG00000198947
SUCLG1,ENSG00000163541
ALDH6A1,ENSG00000119711
GABRA1,ENSG00000022355
COMP,ENSG00000105664
UNC80,ENSG00000144406
ZNF711,ENSG00000147180
GFI1B,ENSG00000165702
ATP13A2,ENSG00000159363
KCNH2,ENSG00000055118
EPM2A,ENSG00000112425
RP2,ENSG00000102218
UBE3B,ENSG00000151148
BRD4,ENSG00000141867
TIMMDC1,ENSG00000113845
F7,ENSG00000057593
SYP,ENSG00000102003
VPS33B,ENSG00000184056
HSPG2,ENSG00000142798
MEGF10,ENSG00000145794
SMARCAL1,ENSG00000138375
CAPN3,ENSG00000092529
PRODH2,ENSG00000250799
SLC1A3,ENSG00000079215
TNFRSF13C,ENSG00000159958
CHD3,ENSG00000170004
P2RY12,ENSG00000169313
HNRNPK,ENSG00000165119
GNMT,ENSG00000124713
TFRC,ENSG00000072274
PSEN1,ENSG00000080815
GUCY2D,ENSG00000132518
CREBBP,ENSG00000005339
HCFC1,ENSG00000172534
BRCA1,ENSG00000012048
MT-TL1,ENSG00000209082
DNAH8,ENSG00000124721
DNAH11,ENSG00000105877
KDM5C,ENSG00000126012
IGHM,ENSG00000211899
PNPT1,ENSG00000138035
CYS1,ENSG00000205795
PKD1,ENSG00000008710
POPDC3,ENSG00000132429
PRG4,ENSG00000116690
AXIN2,ENSG00000168646
RPS6KA3,ENSG00000177189
MLH1,ENSG00000076242
RAB23,ENSG00000112210
TERT,ENSG00000164362
SMARCC2,ENSG00000139613
GATA2,ENSG00000179348
SCN1B,ENSG00000105711
TRIM63,ENSG00000158022
FBN1,ENSG00000166147
IGLL1,ENSG00000128322
RASA1,ENSG00000145715
KBTBD13,ENSG00000234438
NHEJ1,ENSG00000187736
PEX5,ENSG00000139197
CPT1B,ENSG00000205560
PRKAR1A,ENSG00000108946
FANCI,ENSG00000140525
LAMA2,ENSG00000196569
DDC,ENSG00000132437
IRF2BP2,ENSG00000168264
PEX2,ENSG00000164751
AHDC1,ENSG00000126705
PSEN2,ENSG00000143801
PEX19,ENSG00000162735
OTOGL,ENSG00000165899
MSX2,ENSG00000120149
TBL1XR1,ENSG00000177565
TTC7A,ENSG00000068724
TNFSF13,ENSG00000161955
KCNJ2,ENSG00000123700
ABCB4,ENSG00000005471
SMARCB1,ENSG00000099956
PDZD7,ENSG00000186862
SARS2,ENSG00000104835
SQSTM1,ENSG00000161011
KARS1,ENSG00000065427
PRDM16,ENSG00000142611
TGFBR1,ENSG00000106799
CDK13,ENSG00000065883
RPS10,ENSG00000124614
NDUFS2,ENSG00000158864
MYH2,ENSG00000125414
SPEG,ENSG00000072195
NDUFC2,ENSG00000151366
RAD51C,ENSG00000108384
ANKRD11,ENSG00000167522
KMT2C,ENSG00000055609
SLC25A4,ENSG00000151729
AKAP9,ENSG00000127914
ZEB2,ENSG00000169554
NOTCH1,ENSG00000148400
FGA,ENSG00000171560
SCO1,ENSG00000133028
PEX11G,ENSG00000104883
AHCY,ENSG00000101444
NDUFAF1,ENSG00000137806
ROBO3,ENSG00000154134
CSNK2B,ENSG00000204435
FMO3,ENSG00000007933
MYO15A,ENSG00000091536
SEC63,ENSG00000025796
RUNX1,ENSG00000159216
TSPEAR,ENSG00000175894
MOCOS,ENSG00000075643
CERKL,ENSG00000188452
SMPX,ENSG00000091482
IFT140,ENSG00000187535
DNAH17,ENSG00000187775
BGN,ENSG00000182492
POMT1,ENSG00000130714
SLITRK6,ENSG00000184564
LOXHD1,ENSG00000167210
AVPR1A,ENSG00000166148
FGFR3,ENSG00000068078
DLG3,ENSG00000082458
VWF,ENSG00000110799
GALT,ENSG00000213930
MCCC2,ENSG00000131844
ZC4H2,ENSG00000126970
ACOX2,ENSG00000168306
OTOF,ENSG00000115155
COL5A1,ENSG00000130635
C1QB,ENSG00000173369
PEX3,ENSG00000034693
COL4A5,ENSG00000188153
PSD3,ENSG00000156011
LAMC3,ENSG00000050555
CHCHD10,ENSG00000250479
GCH1,ENSG00000131979
BRWD3,ENSG00000165288
PTCD3,ENSG00000132300
SCNN1A,ENSG00000111319
ERCC2,ENSG00000104884
NOD2,ENSG00000167207
HPS4,ENSG00000100099
CUL4B,ENSG00000158290
PNPLA2,ENSG00000177666
DEPDC5,ENSG00000100150
LONP1,ENSG00000196365
CRYM,ENSG00000103316
THPO,ENSG00000090534
PIK3CA,ENSG00000121879
HNRNPDL,ENSG00000152795
NDUFAF8,ENSG00000224877
MTM1,ENSG00000171100
ABHD5,ENSG00000011198
HINT1,ENSG00000169567
BARD1,ENSG00000138376
EDNRB,ENSG00000136160
COX15,ENSG00000014919
PRX,ENSG00000105227
TUSC3,ENSG00000104723
KMT2D,ENSG00000167548
HAL,ENSG00000084110
DNAJB2,ENSG00000135924
SHANK2,ENSG00000162105
RAG1,ENSG00000166349
LMOD3,ENSG00000163380
GP6,ENSG00000088053
ABCA7,ENSG00000064687
NDUFB10,ENSG00000140990
HOXA1,ENSG00000105991
NSD2,ENSG00000109685
GATA1,ENSG00000102145
SMAD9,ENSG00000120693
TCOF1,ENSG00000070814
SCN4B,ENSG00000177098
CPA6,ENSG00000165078
CDC14A,ENSG00000079335
NARS2,ENSG00000137513
UMOD,ENSG00000169344
DNAJC19,ENSG00000205981
PRPF31,ENSG00000105618
MAP3K20,ENSG00000091436
DCTN1,ENSG00000204843
SIX5,ENSG00000177045
ENG,ENSG00000106991
KCNE5,ENSG00000176076
PRICKLE1,ENSG00000139174
CHD2,ENSG00000173575
FOXD3,ENSG00000187140
GPC3,ENSG00000147257
SLC1A4,ENSG00000115902
HPRT1,ENSG00000165704
CACNG2,ENSG00000166862
ZNF423,ENSG00000102935
ACAD9,ENSG00000177646
DST,ENSG00000151914
PRKN,ENSG00000185345
CPAMD8,ENSG00000160111
HPS6,ENSG00000166189
MFAP5,ENSG00000197614
UCHL1,ENSG00000154277
COX4I1,ENSG00000131143
FRMPD4,ENSG00000169933
CNKSR2,ENSG00000149970
ASXL3,ENSG00000141431
SLC25A19,ENSG00000125454
NTF4,ENSG00000225950
SIX1,ENSG00000126778
PHF8,ENSG00000172943
PCARE,ENSG00000179270
GNAT2,ENSG00000134183
PDGFRA,ENSG00000134853
TARDBP,ENSG00000120948
CLRN1,ENSG00000163646
MYLK,ENSG00000065534
SELENON,ENSG00000162430
NDUFA1,ENSG00000125356
LRP5,ENSG00000162337
DSP,ENSG00000096696
PPP1CB,ENSG00000213639
MEFV,ENSG00000103313
GNS,ENSG00000135677
GRIK2,ENSG00000164418
WNT5A,ENSG00000114251
ACTG1,ENSG00000184009
OPTN,ENSG00000123240
CD8A,ENSG00000153563
ETV6,ENSG00000139083
RAG2,ENSG00000175097
GREM1,ENSG00000166923
TCF7L2,ENSG00000148737
SLMAP,ENSG00000163681
SMS,ENSG00000102172
CHEK1,ENSG00000149554
CEP57,ENSG00000166037
PSPH,ENSG00000146733
LRPPRC,ENSG00000138095
DTNA,ENSG00000134769
F2,ENSG00000180210
PYCR1,ENSG00000183010
WFS1,ENSG00000109501
NDUFA13,ENSG00000186010
GATA3,ENSG00000107485
DNM2,ENSG00000079805
IL21R,ENSG00000103522
MYLK2,ENSG00000101306
HMX1,ENSG00000215612
SMCHD1,ENSG00000101596
PDX1,ENSG00000139515
ZMIZ1,ENSG00000108175
SHROOM4,ENSG00000158352
PDHX,ENSG00000110435
SMAD4,ENSG00000141646
EYS,ENSG00000188107
ERCC3,ENSG00000163161
NKX2-5,ENSG00000183072
RELN,ENSG00000189056
FNIP1,ENSG00000217128
MYH6,ENSG00000197616
PPP2R1A,ENSG00000105568
CNGA1,ENSG00000198515
MPL,ENSG00000117400
SLC38A9,ENSG00000177058
MCFD2,ENSG00000180398
KIF5C,ENSG00000168280
MCIDAS,ENSG00000234602
DKC1,ENSG00000130826
PRSS1,ENSG00000204983
LDLRAP1,ENSG00000157978
UBE2A,ENSG00000077721
ALDH7A1,ENSG00000164904
TRAPPC9,ENSG00000167632
FBXL4,ENSG00000112234
TANC2,ENSG00000170921
AP1S2,ENSG00000182287
SETX,ENSG00000107290
MYO5A,ENSG00000197535
RS1,ENSG00000102104
MSL3,ENSG00000005302
TNNC1,ENSG00000114854
ARID1B,ENSG00000049618
KCTD7,ENSG00000243335
ATP13A3,ENSG00000133657
PDGFD,ENSG00000170962
PPM1D,ENSG00000170836
PHF21A,ENSG00000135365
OFD1,ENSG00000046651
MYO6,ENSG00000196586
FGFR1,ENSG00000077782
CTNNBL1,ENSG00000132792
SLC17A8,ENSG00000179520
TOPBP1,ENSG00000163781
PET100,ENSG00000229833
ADA,ENSG00000196839
ATP1A3,ENSG00000105409
PCBD1,ENSG00000166228
CEL,ENSG00000170835
GSS,ENSG00000100983
PEX12,ENSG00000108733
MTPAP,ENSG00000107951
BSCL2,ENSG00000168000
FOXN1,ENSG00000109101
GATAD1,ENSG00000157259
ETFA,ENSG00000140374
TAOK1,ENSG00000160551
ANO5,ENSG00000171714
EPB41L1,ENSG00000088367
IFT122,ENSG00000163913
SLC25A13,ENSG00000004864
MTHFR,ENSG00000177000
TNFSF12,ENSG00000239697
GM2A,ENSG00000196743
PARK2,ENST00000366898
FOXI1,ENSG00000168269
CD2AP,ENSG00000198087
PKP2,ENSG00000057294
PCSK9,ENSG00000169174
CXCR4,ENSG00000121966
TMEM132E,ENSG00000181291
HPS1,ENSG00000107521
TCF3,ENSG00000071564
ZAP70,ENSG00000115085
COL9A1,ENSG00000112280
MRPL44,ENSG00000135900
MFF,ENSG00000168958
NR4A2,ENSG00000153234
KIT,ENSG00000157404
KIF11,ENSG00000138160
PCGF2,ENSG00000277258
WDFY3,ENSG00000163625
CDKL5,ENSG00000008086
PURA,ENSG00000185129
EARS2,ENSG00000103356
MYBPC3,ENSG00000134571
TECR,ENSG00000099797
VIPAS39,ENSG00000151445
PAX7,ENSG00000009709
UROC1,ENSG00000159650
EMC1,ENSG00000127463
PHYKPL,ENSG00000175309
NEXN,ENSG00000162614
GALK1,ENSG00000108479
NAGA,ENSG00000198951
RP1,ENSG00000104237
ANK2,ENSG00000145362
EFEMP2,ENSG00000172638
FANCC,ENSG00000158169
TAFAZZIN,ENSG00000102125
CCDC50,ENSG00000152492
HSD17B10,ENSG00000072506
AIFM1,ENSG00000156709
DLD,ENSG00000091140
CTSK,ENSG00000143387
ETHE1,ENSG00000105755
CACNB4,ENSG00000182389
HNRNPU,ENSG00000153187
NMNAT1,ENSG00000173614
SCN5A,ENSG00000183873
CACNA1D,ENSG00000157388
ACSL4,ENSG00000068366
CCDC103,ENSG00000167131
ZNF674,ENSG00000251192
CCDC39,ENSG00000284862
CD40,ENSG00000101017
SCN8A,ENSG00000196876
MUTYH,ENSG00000132781
PROK2,ENSG00000163421
